Score,Summary,Text
1,Not as Advertised,"Product arrived labeled as Jumbo Salted Peanuts...the peanuts were actually small sized unsalted. Not sure if this was an error or if the vendor intended to represent the product as ""Jumbo""."
2,Cough Medicine,If you are looking for the secret ingredient in Robitussin I believe I have found it.  I got this in addition to the Root Beer Extract I ordered (which was good) and made some cherry soda.  The flavor is very medicinal.
3,Hearty Oatmeal,"This seems a little more wholesome than some of the supermarket brands, but it is somewhat mushy and doesn't have quite as much flavor either.  It didn't pass muster with my kids, so I probably won't buy it again."
4,"""Delight"" says it all","This is a confection that has been around a few centuries.  It is a light, pillowy citrus gelatin with nuts - in this case Filberts. And it is cut into tiny squares and then liberally coated with powdered sugar.  And it is a tiny mouthful of heaven.  Not too chewy, and very flavorful.  I highly recommend this yummy treat..."
5,Good Quality Dog Food,I have bought several of the Vitality canned dog food products and have found them all to be of good quality. The product looks more like a stew than a processed meat and it smells better. My Labrador is finicky and she appreciates this product better than  most.
